{
  "cluster_0": {
    "size": 217,
    "top_markers": [
      1394,
      1570,
      989,
      1512,
      1860,
      14,
      1690,
      440,
      1,
      242
    ],
    "marker_scores": [
      2.3035354614257812,
      2.165027618408203,
      2.040360689163208,
      2.0319464206695557,
      2.0286827087402344,
      2.0033316612243652,
      1.9971108436584473,
      1.9539175033569336,
      1.9419291019439697,
      1.895179033279419
    ]
  },
  "cluster_1": {
    "size": 187,
    "top_markers": [
      163,
      1356,
      906,
      1815,
      509,
      156,
      569,
      1202,
      1239,
      282
    ],
    "marker_scores": [
      2.069664716720581,
      2.0667619705200195,
      1.9053561687469482,
      1.904991626739502,
      1.8786486387252808,
      1.8582395315170288,
      1.8508893251419067,
      1.8052929639816284,
      1.7849316596984863,
      1.757812261581421
    ]
  },
  "cluster_2": {
    "size": 372,
    "top_markers": [
      643,
      1266,
      468,
      1887,
      1871,
      729,
      1986,
      1160,
      1010,
      80
    ],
    "marker_scores": [
      0.9894497394561768,
      0.922898530960083,
      0.9174524545669556,
      0.9012237787246704,
      0.886437177658081,
      0.8706467151641846,
      0.8699881434440613,
      0.8509392738342285,
      0.8138135075569153,
      0.8043968677520752
    ]
  },
  "cluster_3": {
    "size": 424,
    "top_markers": [
      1985,
      1889,
      1955,
      643,
      619,
      1145,
      1966,
      1984,
      1707,
      1983
    ],
    "marker_scores": [
      1.9786462783813477,
      1.9404969215393066,
      1.914160966873169,
      1.8687028884887695,
      1.846511721611023,
      1.793802261352539,
      1.7631560564041138,
      1.7528382539749146,
      1.7502228021621704,
      1.745400309562683
    ]
  },
  "cluster_4": {
    "size": 173,
    "top_markers": [
      523,
      1998,
      1541,
      1058,
      263,
      1110,
      1018,
      639,
      1150,
      534
    ],
    "marker_scores": [
      1.5621192455291748,
      1.33405601978302,
      1.3254774808883667,
      1.3166217803955078,
      1.3087466955184937,
      1.2585097551345825,
      1.2171989679336548,
      1.217081069946289,
      1.1955071687698364,
      1.1769938468933105
    ]
  },
  "cluster_5": {
    "size": 190,
    "top_markers": [
      179,
      1999,
      461,
      997,
      1564,
      1740,
      1203,
      514,
      361,
      1251
    ],
    "marker_scores": [
      1.9978920221328735,
      1.5957441329956055,
      1.4106124639511108,
      1.4042446613311768,
      1.3952159881591797,
      1.384873390197754,
      1.3780173063278198,
      1.3731493949890137,
      1.3603953123092651,
      1.3475072383880615
    ]
  },
  "cluster_6": {
    "size": 121,
    "top_markers": [
      331,
      1558,
      1766,
      285,
      1608,
      705,
      1557,
      805,
      1029,
      1811
    ],
    "marker_scores": [
      3.272200345993042,
      3.2592227458953857,
      3.252755880355835,
      3.2227392196655273,
      3.1712265014648438,
      3.136782646179199,
      3.1069204807281494,
      3.018397808074951,
      3.005481243133545,
      2.9162867069244385
    ]
  },
  "cluster_7": {
    "size": 206,
    "top_markers": [
      836,
      725,
      479,
      1651,
      1582,
      911,
      1884,
      501,
      1261,
      360
    ],
    "marker_scores": [
      2.3991246223449707,
      2.346682548522949,
      2.2451953887939453,
      2.165229082107544,
      2.16068959236145,
      2.117311954498291,
      2.1079821586608887,
      2.0884573459625244,
      2.081943988800049,
      2.061986207962036
    ]
  },
  "cluster_8": {
    "size": 225,
    "top_markers": [
      232,
      1159,
      1632,
      7,
      1431,
      313,
      1284,
      1349,
      1237,
      1129
    ],
    "marker_scores": [
      3.345433235168457,
      2.8633980751037598,
      2.489447832107544,
      2.347557306289673,
      2.229318618774414,
      2.21747088432312,
      2.1686911582946777,
      2.1606099605560303,
      2.1108105182647705,
      2.0779359340667725
    ]
  },
  "cluster_9": {
    "size": 445,
    "top_markers": [
      1318,
      192,
      1198,
      656,
      1794,
      824,
      1702,
      467,
      36,
      1347
    ],
    "marker_scores": [
      3.1117520332336426,
      2.8860864639282227,
      2.847064971923828,
      2.8009896278381348,
      2.7275400161743164,
      2.6882362365722656,
      2.688138246536255,
      2.6877317428588867,
      2.658501148223877,
      2.6266531944274902
    ]
  }
}