{
  "sibling_similarity": {
    "sibling_similarity_mean": 0.4168494162558202,
    "sibling_similarity_std": 0.1903777599356035,
    "cousin_similarity_mean": 0.3962758810484557,
    "unrelated_similarity_mean": 0.13100354538372574,
    "n_sibling_pairs": 1824,
    "n_cousin_pairs": 728,
    "n_unrelated_pairs": 2346487,
    "learned_sibling_bias": true
  },
  "founder_separation": {
    "within_founder_similarity": 0.18292465806007385,
    "between_founder_similarity": 0.1306402087211609,
    "founder_separation_ratio": 1.400206446647644,
    "founder_cell_counts": {
      "AB": 1019,
      "MS": 268,
      "E": 10,
      "C": 87,
      "D": 58
    },
    "learned_founder_structure": true
  },
  "depth_progression": {
    "depth_variance": {
      "1": 37.31828308105469,
      "2": 41.62174606323242,
      "3": 44.87863540649414,
      "4": 55.592498779296875,
      "5": 55.431671142578125,
      "6": 58.51785659790039,
      "7": 56.085140228271484,
      "8": 60.54205322265625,
      "9": 60.72124099731445,
      "12": 41.117408752441406,
      "13": 49.14827346801758,
      "15": 53.3558235168457,
      "17": 55.84407043457031,
      "19": 58.69414520263672,
      "21": 60.95936965942383,
      "33": 59.14970016479492,
      "52": 57.193355560302734,
      "57": 58.83775329589844
    },
    "depth_range": [
      1,
      57
    ],
    "variance_increases_with_depth": false
  }
}